ELF2,ELF1,RAB35,PDCD6IP,NFIB,MPHOSPH10,SNF8,ERBB2IP,PABPC1,PTBP2,SLAIN2,MESDC1,CSNK1D,GOLPH3,PLEKHG2,BAT3,NXN,TMED3,GAK,DNM2,TSPAN6,TMEM50A,GOLGA5,BTBD1,MTRF1L,BBS4,ZNF79,MALT1,LMNB1,WDR23,GSK3B,MAP4K3,PRDM1,FAIM3,BLCAP,IL4I1,SH3GL1,USP3,ADO,NOTCH1,FTH1,POMP,ACVR2A,MBD6,BAHD1,PANX1,ZNF364,EFNB1,ZCCHC6,SLC6A6,MRPS10,APBB1IP,TBKBP1,ATP6V1F,NFAT5,NCF2,STK10,KLHL18,MEIS2,TGFB1,PPM1M,FMNL1,MGC40489,CYB561D2,ACBD3,SMC6,STK4,TRIM44,TXN2,KIAA1919,WDR36,GFM1,HARS2,LAT,LAMA3,FRMD4A,ITGB1,ITGB2,OTUD5,EIF4E,DDX6,TPD52L2,PLCB2,ANKH,STX4,HGS,RB1,HPCAL1,EMR2,C6orf106,DDX50,PLXNC1,ZMIZ1,RASA1,GALNT7,DNMT3A,FAM63B,LDLRAP1,METTL9,EXT1,ZBTB1,ENG,C1orf108,UBE2F,ZC3H12C,STX12,PEA15,FBXO32,H2AFY,ZNF800,UBA6,RAI14,UQCR,MTHFR,CIAO1,CSNK1G1,GFOD1,ABI2,VPS33A,DOCK4,CPD,NFKBIL1,NOLA3,C6orf115,PSCD4,LOC730092,CCM2,UBA5,C10orf56,SCYL2,CCL5,USPL1,SEMA7A,PDE2A,BLMH,PUS3,KIAA0564,PLEKHO2,TMCC2,MAP4K4,ICAM1,SNHG3-RCC1,ITGA11,SCARB2,XIAP,ITGB3,RNF185,KIF2A,METTL7A,PFDN5,MLL4,LANCL3,C1orf122,FUBP3,STK38L,UBA2,C1orf84,DENND1B,KIAA1012,EIF3M,ADRM1,ZC3H12A,SUPT5H,FLOT1,KCTD9,CHURC1,TBC1D10C,HS3ST3B1,FAM3C,SHROOM4,TMEM185B,HS2ST1,LRCH1,RAB8A,TNFRSF12A,NAB2,KCTD13,ARHGDIA,RCL1,VARS,SCFD1,SDC4,NOMO2,CAP1,ITGB1BP1,LYAR,KIAA0232,SYNJ1,RPS27,PTPRS,SLC38A6,OSBPL8,UBE4A,STAG3L4,ZFYVE27,LRRC8A,PLEKHM1,DHX36,PPFIBP1,ST20,VPS37B,PLD3,LEMD3,LDOC1L,CCR1,DNAJC10,DMWD,CXADR,C7orf50,DAGLA,MED8,LONRF3,PSTPIP1,CAPZA1,MDN1,REST,RICTOR,NUP54,RPS6KC1,PCYT1A,PECAM1,MDFIC,SP100,ATG16L1,DNAJC13,VPS13C,EMG1,DDHD1,BLZF1,FEM1B,ROCK1,LRMP,NSUN5C,ANKFY1,CLN5,SLC4A1AP,AR,ARL15,B3GALT6,C1orf107,EMILIN2,DLG4,P2RX4,GGA1,RAP2C,TEX2,TXNDC10,CDC123,FCER1G,VAC14,C2orf29,PSMB5,FIS1,VAV1,IL1RN,SYS1,ATP6V1D,AKAP13,KRR1,SLC25A40,C5orf3,NGRN,TACC1,FAM70A,TIMM10,FHOD1,G6PC3,ERMP1,YKT6,ADAM17,ASXL2,MBTPS2,FKBP1A,MRPS6,NKIRAS2,SDCCAG8,MFAP3,DCTN5,KIAA0194,BCAP31,CYBASC3,C2orf18,NAB1,PPP1CA,FXR2,UNC50,KIAA0329,ZUFSP,TAF1A,NCOA3,ATP6V1E1,TMEM69,ATP6V1A,PSMD6,IQGAP1,RPL29,CDC37L1,LRRC28,MAP1S,MPDU1,SMCR8,JAGN1,NPC1,CIDECP,ARHGEF18,DSCR3,MYO6,ZFYVE20,C6orf1,GNPDA2,ARHGEF12,TMEM60,VPS41,C10orf64,GPR84,C21orf70,FERMT3,C16orf57,CHMP4B,MRPL52,ATR,MTRF1,NIF3L1,SIPA1L3,RALA,CAMSAP1L1,ACAD11,ITPKC,PMPCA,TTC14,DDX18,ORMDL2,DHX34,PSMC4,HSPBAP1,ARFGAP1,ZNF697,LOC201175,ZNF691,PI4KA,ARFIP1,STX10,FLJ14213,CCPG1,EFHD2,C10orf125,DAD1,DPH3,PBX3,CHORDC1,PBX2,SEC24B,TERF2IP,CXorf38,ST3GAL6,RAC2,MATK,CEBPZ,ZMAT3,PLXND1,IL17RA,CBFB,DIP2B,ZDHHC21,PPID,EML4,SLC5A3,EXTL3,SLC25A20,NDUFS2,EIF2B1,MDM4,ZNF330,KPNA4,GLYCTK,CRTC2,NUDT5,C11orf61,C7orf38,UBLCP1,TNFRSF1A,PPAPDC1B,SERINC1,RPS19BP1,SNAI3,DBT,CXorf56,OSBPL11,SYS1-DBNDD2,FADD,FAM120AOS,ZMPSTE24,C21orf91,USP11,ASB6,SDAD1,SPRED1,MTCH1,GTF2E1,EXOSC4,MOBKL1B,UHMK1,SLC26A11,FAM108C1,WDR45L,UBL4A,IPO13,AP1S2,SCFD2,NOL6,PRKAR1A,SH3TC1,ARF1,GDAP2,CMTM6,TRERF1,FLJ10769,TMEM199,ITGAV,ATAD1,RPS6KA3,SSBP4,NIT1,ZNF213,BCAT1,CLTA,SPPL2A,MAZ,SP1,TMEM111,PMM2,LAPTM5,RNF14,DGKQ
NFYC,GTF2I,ZEB1,CREB3,MEF2C,FOSL2,MEF2D,RFX1,SMAD6,HMGB2,TOP2B,FZD2,WHSC1L1,PKP4,MLLT10,MOSC1,MED13,SCAMP2,FCHO2,tcag7.1238,ARID1A,OPHN1,SETD5,CNN2,THRAP3,WT1,UCK2,ANXA7,PLCG2,ATP6V1B2,LARP1,KIAA2013,TTBK2,UBL3,ZFYVE16,TNFAIP8L2,COL11A2,AZIN1,VPS26A,UBE2B,HNRPDL,ISOC2,DEPDC1,SC5DL,SRP19,HNRNPA0,ABHD2,FOXO3,YBX1,ACVR1B,VAMP2,ANKRD58,MYCBP2,MINK1,CBFA2T3,PPP1R12B,XYLT2,MAP2K7,FDFT1,MB,RCOR1,S100PBP,PGM1,HSPB1,FKBP4,ARIH1,LCP2,SPSB3,RSU1,PPP1R12A,HPS4,PANK3,ZNF574,TMEM9,ZNF444,SLCO3A1,RP11-679B17.1,COQ10A,CBX8,ARHGAP11B,ARHGAP11A,SUZ12,UVRAG,ARNT,HMGN3,CNTROB,C19orf62,LOC100132532,EBF3,WDR1,BMF,CCDC109A,MAPKAPK2,RBL2,NFKB2,DLG1,NEDD9,TSHZ1,BAG3,ANAPC10,FLJ45909,CLIC1,E2F3,PPP1R2,HSP90B1,PCYOX1L,RFWD3,PILRB,PYCRL,IQCB1,RHOA,RRP1,SERTAD3,OSBPL2,FCHSD2,SLC37A1,COG8,NPAS2,SENP1,ZNF384,VPS25,LDLR,CDC14A,TGFBR3,MPP3,PCDHAC2,PRMT2,HYAL3,MSL-1,WAS,RAVER1,LDHB,GPR63,THRA,MORF4L1,LPHN2,DDX42,WDR22,RPS27A,MTA2,OSBPL5,SNRK,NAT6,HDAC8,TNNT1,LIN54,CSNK2A1,CEBPD,HTATIP,BTBD12,RAD21,KIAA0841,ASTN2,PRSS36,CIC,WTAP,TBRG4,BCOR,CLSTN2,GLUD1,VAV2,MYO18A,LRP8,ARPC4,RAB37,UNC5C,LRRK1,CAMK2B,POLA1,H3F3B,DEK,SFRS3,ELOVL5,MLSTD2,INSIG1,INTS7,ARAF,FAM76B,KIAA0494,TP53BP1,C9orf140,COQ7,CENTD3,TWF2,TMEM180,TBC1D25,EHD1,TOX2,CHST13,USP19,TRPS1,PNMA1,DDIT3,HNRNPH2,IL6R,OBSL1,SMAP2,TUSC2,ASXL1,CISD2,NIP30,LLGL2,EIF2B4,SEP9,EBAG9,PALM2-AKAP2,MRPL12,HSP90AB1,SDHD,PHF20,SHMT2,NPDC1,GYPC,SERPINE2,INSR,TMEM141,PLEKHJ1,SPTBN1,ICA1,LYSMD2,CCDC88B,EPB41,COG5,MOV10,COMMD9,MAST3,UPF2,LIMK2,LBR,NCSTN,NKTR,KIAA0776,WWP2,ZDHHC14,KLHL12,PLXNB3,ILK,LTBP3,PRMT1,MAGED2,PLB1,JOSD1,PIK3AP1,PRR4,DNMT3B,KIFC2,ARMC8,MRPS30,PAK1,NCK2,USP53,IPO8,TBC1D9B,DENND4B,TMED4,B3GALNT2,PRH1,TMEM110,DOCK2,MKNK1,DEAF1,TANC1,NAT11,KIAA0090,IPO5,ACOT7,CDCA7L,UNC119,EAF2,WDSUB1,DAK,LRP5,FAM54B,GALNT6,CSK,FNDC3A,CC2D1B,PGM2,MDH2,MLLT4,LTBP4,APOL2,PMS2L1,STXBP2,UNC13D,OSGIN2,ATG2A,JMJD2C,NCOR1,PHB,GRHPR,PRKCD,USP39,WAPAL,MYBL1,TMEM63A,MRPL9,NR2F6,TMEM120B,PPP3CB,MAFA,MR1,ELMO2,ZBTB20,KIAA1394,TXNDC13,UBL7,LOC100128191,PTGDS,ADD2,SLC20A1,GSDMDC1,GAL,SNURF,EXOSC2,MBOAT2,SLC9A3R1,NARF,KIF18B,EZH2,HSF2,PIGV,POLR3K,CCDC59,PRPF38A,COQ10B,C1orf103,TTC19,VPRBP,KIAA0423,METTL1,SEC16A,SEC62,SEC61B,SP4,C4orf34,CLTC,NUFIP2,BCAP29,TRIM39,KIAA0947,ABCE1,ARS2,TBC1D23,PAQR3,UQCRFS1,FAM62B,C5orf36,CHUK,MTHFD1L,TRA2A,SKIV2L2,MASTL,GLS,IMPDH2,RBM22,ENTPD4,SPG20,TOP1,C1D,ARIH2,KIAA0196,EIF3CL,LMBR1,RNF146,PDE7A,NAPG,NDUFS4,DDX17,CPNE1,C1orf124,XPR1,C14orf138,TXNDC11,ACOT9,C3orf26,HIATL1,SYNPO2,SSR2,LETM2,TROVE2,KIAA1143,C14orf24,CYCS,U2AF1,MRPL13,WARS2,LOC442075,MAGT1,CSTF3,SON,SFRS11,RNF139,WDHD1,USP8,PDCD7,PURB,HIATL2,CLK1,RANBP2,KLF9,GNG4,C9orf32,CLASP2,ATF1,SMNDC1,KIAA1429,FLJ11171,NAF1,CREBBP,JAK1,STXBP3,ERF,RNASEH1,SAP30BP,RBM12,KCTD12,MAGOHB,EIF4A1,RNF103,CCNA2,CEP27,ZNF304,UCHL5,DNAJC9,SNF1LK,ESPL1,WBSCR22,SLC25A42,C2orf42,HIST1H2BC,SLC26A6,SOAT1,FAM105A,PDZD8,PLOD2,SMC3,CABLES2,NKX3-2,CSE1L,PTTG1,ALDH6A1,BLM,MAPK7,PAQR4,HSPA14,TSPYL1,ZNF687,PLAC8,ALG11,ALG12,SCD,TATDN2,CDC2,HJURP,XBP1,STRA13,ID1,GCAT,GPX4,ARL6IP1,ZWINT,ARL6IP6,PDCD6,SACM1L,TMED2,H2AFX,SLC25A19,HEXIM1,SLC25A33,PMS1,ME2,KCNN2,SLC25A30,FDPS,TSPAN4,MBD3,NUBP2,C20orf24,EP400NL,SLC2A1,ZNF669,DHCR7,NGDN,CKAP5,PPP2R5D,CKAP2,NDUFB11,PHF6,PCYT2,OGG1,C16orf33,CREG1,PDE4B,QRICH1,SHCBP1,NUMA1,GHITM,HIBADH,DARS2,CHD8,HLA-DRB1,E2F2,E2F1,ORC6L,SCUBE1,CCDC134,GPR89A,GPR89B,PGK1,BZW2,RTN4IP1,NONO,FARP2,DHODH,NUPL2,PPWD1,HYLS1,GTF2IRD1,IDI1,RPA1,CASP8AP2,CCDC85B,PPP3CA,FAM98C,FAM53C,NICN1,TOMM40,MCM4,COTL1,DCLRE1C,DHCR24,KIF18A,INTS4,RAD54L,ALKBH5,CENPN,CPT1A,MZF1,HIP1,ZNF492,NFATC2IP,CENPA,LOC730087,FCGR2A,C14orf147,FAM55C,ALDH2,KLF13,TUBG1,BCKDHB,HIST2H2BE,CKS2,TTF2,EIF1,FAM108B1,CKB,NET1,LYST,TAF4B,KIF11,CYP51A1,GLO1,HDAC1,XRCC3,ZNF695,SNX20,BMP8B,LY75,ARFGAP2,PLK1,GLRX5,RBM42,SMYD4,CABIN1,C4orf21,RPUSD1,STK17B,OAT,GINS2,GINS1,FANCA,ACAT1,NDUFA6,CAMKK2,AGBL5,PDE7B,SPC25,SLC25A10,SHARPIN,ZNF326,JMJD2A,QPCTL,IK,UBE2T,ST8SIA6,RPSA,ASF1B,HN1,AGPAT5,RILPL2,TMPO,PGRMC2,SUZ12P,TCERG1,CNOT1,DIDO1,CNBP,CHKB,CDC23,MED29,GMNN,HNRNPA1,ABCA7,HOMEZ,PIGS,MVK,RACGAP1,ILKAP,MVD,CCNYL1,RHPN1,LOC730101,RBM15,MRPS18C,LANCL1,ZNF433,PNPLA3,SERF2,KIAA0146,EXOSC8,ENO1,CBS,STARD7,SIN3A,NOL5A,NPAT,MCCC1,CCNF,RBBP7,KIF24,C6orf223,PSRC1,DEPDC1B,STX5,TROAP,CDC25A,ZNF821,DCUN1D4,HSD17B12,PASK,SUV420H2,C19orf54,LRIG1,L2HGDH,LOC100132966,NRD1,HIST1H1B,CXorf15,IWS1,LMAN1,VBP1,SEC22C,FKBP5,AURKB,ADD1,TXNDC16,FBXO18,ATAD3B,PCK2,ZNF98,PDIA3,ZNF93,ZNF91,ATP5B,HIST1H1D,GNAI2,MLH1,NAGA,CCNB1,LOC100132774,DPY19L3,VRK1,MKI67,HIST1H2AM,HIST1H2AL,DDX20,HIST1H2AI,HIST2H2AC,HIST1H2AG,MIS12,HIST1H3H,RRM2,HIST1H3G,OPRS1,HIST1H3F,HIST1H3A,HIST1H3C,HIST1H3B,LONRF1,PTGER4,MSH5,ZNF256,C12orf35,ETV3,CEPT1,EZR,TSPAN2,MIDN,LMNA,SERTAD1,RBM25,SEL1L,NAMPT,DYRK3,VDR,RIOK2,ATXN7L2,TPM3,USP21,VAMP8 ,CORO1C , JAG1, PKMYT1, MRAS, RSU1,FER1L3 , PCDHGA10, STUB1,SOX12 ,PIGV ,SNRPN ,IRF3 ,MR1X,VAMP8,MRAS,STUB1,SNRPN,FER1L3,ADNP,SIPA1,SGTA,LOC116412,MYH14,TMED5,SEC61A2,BAD,CSTF2T,GPR107,MXD4,ANGEL1,LOC339123,CLUAP1,DNAJC16,SPOCK1,TEX264,STAT6,PPM1H,CCDC37,SC4MOL,PPP2R4,TRAF3IP1,AP2A1,MUL1,NCKAP1L,PICK1,UBXD5,ABCB8,TOR2A,RABL5,TSPYL4,SEC13,ZNF292,ASPH,ELL,LEPROTL1,TMEM77,MAP2K2,CXorf39,FLJ33790,NRBP2,CRLF1,SMAD3,ACTR3,MYO1F,SPOCD1,KCNC3,P117,CREB1,ST14,AKR1A1,EXOSC7,VAV3,FLOT2,MSRB3,SERINC3,RPLP1,ETF1,KIAA0020,TCP1,BAG1,ARPC1A,RBPJ,UBR4,DR1,U2AF2,UHRF2,TMEM30A,NUDCD2,MLLT6,ASH1L,SCAND1,TGIF2,PHF14,MLC1,C17orf89,CRKRS,ARGLU1,PCBP4,RFX5,CBY1,AHSA1,CDK2,CHAF1A,KIAA0492,SRPK1,SLC39A8,NAP1L4,CBX6,HMGB1,SMARCD3,MNX1,SCCPDH,MRC2,CYP2S1,MMP15,TSEN54,RAB21,ATG16L2,ZNF652,AKAP2,RASSF5,SOCS3,REPS1,TAPT1,TLK1,SOX1,CTNNBIP1,AHCYL2,PTPN9,HSPA4L,DNAJB12,GRIK3,TBC1D8,BRD2,RANGRF,ATP6V0D1,NSMCE2,PERP,TAOK1,TOPORS,ERGIC2,ZFR,LYPLAL1,ST3GAL2,C20orf194,DCXR,MAD2L2,XAB2,ARID4A,NDOR1,TJP2,PPP1CB,PCIF1,TET2,SEPHS2,ETFB,ETFA,FBXW5,C22orf39,PRPF40A,SNRPA1,TPM4,MCTP1,IL1RAP,ANKRD13A,TMC6,BTD,PPP5C,ABTB2,TK1,IGFBP3,PMEPA1,NUDT3,ARID2,DLD,TARS2,CTSG,TMEM45A,CAMTA1,CAMTA2,TKT,CBX2,RP3-402G11.5,MYO1G,PIK3CG,NSDHL,RCCD1,FAM122B,RECQL4,DBP,PAK4,DBI,THOC6,SH3BGRL,ARRDC3,CHP,ATG5,MRPL37,HMG20B,PCF11,SIX1,PRPF4,C14orf1,HDAC2,SYTL3,CD74,WDR74,MLF1IP,CYB5B,SNX26,THAP2,PRICKLE4,PCDHGA12,FPGS,IGFBPL1,CD46,MCM10,CDCA8,CDCA4,ALDH1A2,CDCA2,UBTF,SPNS1,LARP2,CDC42,KIAA0430,CXXC5,CCDC115,CCDC117,RNASEH2A,SH2B1,BARX1,CCAR1,Tcag7.1238,ERICH1,ICMT,SKIV2L,ARF4,ARF6,SNTB1,TUBB2A,ARF3,NPHP4,SMAD2,SESN3,FAM134A,PSMD10,HLX,ACO2,RPS6KA5,ITGAX,ZEB2,ANAPC5,GART,RPS23,AGPAT1,FAM33A,LSS,FBXL10,TTK,PALM2,BACH1,XPO6,XPO4,C15orf17,TAPBP,XPO1,SWAP70,DENND4A,ANP32A,ALDH3A2,ATP2A2,P4HA1,ZNF678,WHSC1,FAM98A,ZNF672,RAB40C,POLR3GL,NUP93,SP3,GRINA,NUP98,RER1,SCLY,ZC3H18,RNF111,EDEM2,ZNF700,ZDHHC13,ZNF708,ATRX,NIPA2,RNF12,SFRS2IP
TFDP1,BAT2,N-PAC,CTDSP1,HDLBP,QSER1,FAM152A,PKN2,TAF4,CDC2L5,AP1G2,KIAA1715,MYCL1,PLAA,NEFH,KIAA0101,NOM1,SREBF2,HP1BP3,ZNF76,CAND1,NUSAP1,HOXA13,POMT1,FLJ39653,AJAP1,BTBD7,ZZEF1,ARL4A,GOLGA7,TNF,STAU2,TMOD3,KCNA3,ITSN1,FAM29A,PDIA6,ZMYND19,UBE2S,TMEM50B,TSPAN5,AGPS,LIG1,ALDH1L2,COPS8,ANKS6,HNRNPK,LOC90379,ZNF395,DVL2,RBBP4,DPY19L1,RANBP17,HDAC4,FBXL5,PHIP,HNRNPL,NFE2L2,DIAPH3,CCNE2,PHC3,RAD1,MSH3,ZFP91-CNTF,CCHCR1,TAF8,SPAG9,CCT4,CCDC18,C2orf67,ARMC6,FAM60A,PPM1G,TM7SF3,PAPOLA,ZNF784,AKAP10,ACACA,PABPN1,RAB11B,LOC145853,UBE2G1,GBAS,NAPRT1,MRPS34,ZNF410,P4HB,PDLIM1,PAFAH1B2,RNPS1,ADPGK,PLK4,C1orf9,E2F7,BRCA1,MGAT2,NSD1,ARL5B,C1QBP,TOPBP1,ANKS1A,RNF24,RPA2,NDUFA13,CASC4,LOC440288,EIF5A,NR4A1,PIM2,DIAPH1,ATXN2L,RAB6IP1,PHF13,ZNF644,ZFAND2B,LMO2,SNX2,PVT1,SOX12,KHSRP,SLC1A1,ZNRF1,LOC729696,STRN,SLC25A3,APPL1,ZNF131,RNMTL1,TBC1D30,EEF1A1,RIC8B,CNOT8,SMARCD2,CCDC128,RANBP3,EDEM1,MRE11A,SRPR,SLC7A1,USP10,ZNF653,PXK,ESCO1,CBX7,MAML1,RANBP1,MEX3C,CDKN2D,HLTF,UAP1,PBRM1,RFC3,SLC12A2,SNX5,PHF2,TBC1D10A,FADS1,HIST1H2BK,STK11,MYLIP,KIAA1841,UBTD2,PPP2R5A,TULP3,SPC24,MAN2A1,LRRC45,CITED4,OLA1,AMIGO3,XRCC6,CALM3,SLC25A1,SETD1A,C16orf75,FAM80A,LOC201725,HNRNPAB,TMEM201,IER5,AZI1,TBX18,ARHGAP26,CLSPN,ZFAND2A,NUCB2,PPIA,MSX2,RCN2,TCF19,RPL14,LUC7L2,SHKBP1,HIST1H2AH,AGTPBP1,BAP1,C20orf72,IRF2BP2,PRPF8,APAF1,CEP72,C19orf2,ADRBK1,GAPVD1,SLK,SIVA1,C13orf23,ODF2,C21orf45,GPATCH8,TBC1D2B,RNF126,PREX1,PRKAA1,BDP1,NBPF3,NUP133,IGF1R,PDK1,CLK2,CERCAM,SMARCB1,EPS15,ACAT2,MYO10,ZNF503,USP1,BCR,VDAC2,SMC2,SLC9A6,NDUFA10,CNTLN,PAXIP1,PA2G4,EIF2S2,PUF60,CENTA1,WSB1,HDAC6,CDK5R1,DUT,SEH1L,RQCD1,SNAPC3,C2orf24,RAD51,C19orf29,RALY,RAB10,EHBP1L1,PRDX3,BNIP3,WHDC1L1,EPAS1,IPMK,MAGI3,MAPK3,PRKAR2A,ZNRF3,C14orf94,KCNK6,BRI3BP,B4GALT2,RAG1AP1,SCAF1,PRAGMIN,MAX,BRD3,PDIA5,MGC12966,PELI2,PELI3,AK3L1
GABPA,ELK4,ONECUT2,SUPT6H,AQR,ZNF768,C1orf174,USP36,ZBTB5,CHSY1,TRIOBP,GNPAT,MBD1,HDGF2,LOC645895,STAT3,CCDC47,PREP,KCTD18,EPN1,EGLN1,WNT7B,COPS7B,LENG8,TIGD1,SSH2,BZW1,TRAM1,IMMT,TRIM41,HIRA,KBTBD4,RPIA,ZBTB34,BCL2,GPA33,PDXDC1,TAF7,SDF2,PSME4,SAR1A,NOP5/NOP58,ARHGEF7,PCNP,ADIPOR1,MYNN,RAPGEF6,RAD18,C2orf43,UBXD8,CCDC41,C11orf82,STAG3L2,SLC1A5,DDOST,CFL1,STOML2,RBM6,MUT,HNRNPF,DLG7,SLC38A10,OSBP,PPP2R5E,LAS1L,RARS2,CSNK1G3,YIPF4,ALAD,GPD2,TNKS,TSNARE1,RPE,PANK2,ZNF324,CBX4,YWHAB,CCDC137,ZNF263,HAT1,JMJD6,TXLNA,ZKSCAN1,CCT2,SNX3,ALG8,DOCK10,ANKRD12,ORAOV1,RG9MTD3,C17orf53,SUDS3,MARK3,PTAR1,RIOK1,URM1,EBNA1BP2,SMC4,NEDD4,GNL3L,PRPF19,CCDC131,B3GNT5,TMEM173,CDC2L1,TMUB1,WDR27,IMP3,POM121,AGPAT3,GSPT1,RAD50,SPCS1,GIGYF2,NCAPG,ERCC1,ZNF274,SPCS3,ARMC10,EXOC5,DONSON,SNRPD1,XRCC5,PHKB,WDR3,SSU72,BTBD9,ZNF473,PARK2,PYROXD1,C10orf137,TMEM41B,NDUFB9,MRPL3,COASY,EP400,UBL5,SEC31A,UBE2G2,RPS25,MRPS22,TMEM1,SMC1A,LMNB2,C9orf100,PEX6,TMED8,AP1G1,CHMP1A,MYST3,GON4L,ZNF434,RPL7L1,VPS26B,CLEC11A,TAF1C,SAMD8,PPIH,UBE2E3,MCM9,C9orf105,HCCS,ZNF765,GMPR2,UFD1L,C10orf18,FBXO28,RABGEF1,MTPN,BAT1,RPS14,EIF3EIP,SEC22B,BANK1,EMB,BRAP,FES,ZBTB45,LOC130074,RPS16,C17orf65,HSPC111,ZNF182,CCRN4L,GTPBP4,BAT4,HGSNAT,C17orf90,PUS1,TAF11,ARID3A,CFDP1,NDUFB7,NUDT15,C1orf97,AURKAIP1,USP33,SYMPK,GATC,CSNK2A2,PRKDC,RBM28,SERGEF,CACYBP,TAF1,WDSOF1,GDI2,SMARCD1,WDR32,C7orf49,SSRP1,ZC3H4,CREBZF,MKI67IP,ANAPC13,TDP1,VAMP3,VPS13B,C19orf59,LOC100131564,CCDC100,HCG18,PARD6B,DUSP2,FAM119B,FLJ14154,C9orf40,COX8A,CCDC94,COPA,AKAP8,DEPDC5,HSPD1,GPR124,RASSF2,ADNP2,PTPN1,NUP214,AMD1,MCL1,RSBN1,KRCC1,ZZZ3,RPL8,GCN1L1,AFF1,POLR2B,GNL2,GPS2,SECISBP2,LRRC59,DCUN1D5,C8orf53,TBRG1,NOL10,WBP11,TRNT1,TPT1,BTAF1,AFTPH,DNTTIP2,GTF2H3,CISH,FAM48A,INCENP,ELAVL1,CCDC72,TFG,COPE,SFPQ,MSH2,PGM3,HIST1H1E,PDPK1,CANX,OXNAD1,TPX2,SAP30L,RBM23,TRAIP,DNAJC1,NCAPD3,INTS8,ORC3L,ZNF551,NRAS,ZNF324B,LOC137886,SFRS9,RAB2A,FAM49B,C20orf4,TIAL1,CLINT1,FLJ12529,SNRPB,HSBP1,EIF2C4,CPT2,CTDP1,ZBTB33,RPS5,SMG7,LOC728653,MLL3,TNPO3,TPR,RPL18A,CMAS,YTHDF2,KTI12,RPL21,SFRS10,SORBS3,SUB1,TMCO1,SUMO1,RPL36A,LOC728613,ZNF333,MAK10,GPATCH4,FBXW4,LSG1,RPA3,IKBKB,HDAC10,MECP2,FAM82B,BTG3,SLC25A24,BUD13,KHDRBS1,CCDC52,FANCI,SMARCA2,ZNF7,SLC44A1,RAC1,SHQ1,SR140,RPL30,SNHG6,DPP8,NUP160,RPL37,VPS53,ZFPL1,HEATR1,FIZ1,SFRS15,BRD9,KLF2,MYCBP,C3orf68,TRMU,BTBD14A,PPM1B,PPM1A,VPS4B,ZNF512,MTX3,DHFR,ADCK4,EXOSC3,NACA,TOMM22,TOMM20,RPS18,DUS3L,GRINL1A,SFRS8,EDF1,SFRS5,RP5-1000E10.4,WDR70,LMBRD2,SKP2,NOC2L,COPG,DPM2,PFDN6,SF3B2,RMND5B,MAPK1IP1L,FANCC,UBE2M,TMEM104,GSG2,EIF2AK1,DDX46,NIP7,TFRC,SF3A3,SFRS16,SNX14,VPS52,C20orf77,PIGG,RPL10A,RMND1,ARCN1,BCLAF1,MORC3,PAIP2,ZNF598,TDRD7,CCDC71,MYSM1,ARPP-19,SPEN,TERF2,SFRS4,ITFG1,RASGRP2,CCDC97,PSMB7,SLC25A32,RPL11,ABHD13,CARS,CHERP,GRPEL2,POLH,FAM120B,AHSA2,ARPC3,SART3,ZNF629,C6orf153,FRS2,PRPF18,VPS72,CAPZB,RAB3GAP2,MED10,CEP164,GPN2,CLPTM1L,AVEN,TYMP,NFX1,PRPF3,RAB27A,THOC4,THOC2,SHOX2,RFFL,RELA,CNPY3,RFC5,PLEKHH3,PRPF6,CDC42EP3,WDFY2,SPG11,WDR73,LOC400927,NOLC1,UXS1,AP3B1,UGCGL1,FMR1,AGGF1,SMEK1,RAB11FIP1,RAB11FIP2,NOL7,CHTF18,SMAD4,C9orf114,SERBP1,TMEM194,PSMD12,SFT2D3,ANAPC4,SDK1,AGPAT2,GTF3C5,MGST1,TCOF1,C2CD3,TMEM53,ABCD3,SPTLC2,SMCHD1,DBR1,KIAA0907,ASCC3L1,NCBP1,AGL
YY1,LCP1,HNRNPUL1,ATP5J,HMGN2,MBD2,LONP1,MAP4K1,UBE2L3,C14orf156,MON2,FANCD2,CPSF6,JTV1,UBE2V2,LOC203547,TATDN3,SLC30A9,DCTN3,GNAI3,HNRNPR,CNOT2,PDSS1,MED12,PYGO2,PGAM5,KDELR2,MGC72080,PPIE,FNTA,LACE1,RBM10,MYEF2,RAB7A,RPL13A,SEPT11,TMEM11,TLE1,MTO1,SEC23B,RIPK5,RAF1,ZBTB17,CBL,ACTR5,CTA-126B4.3,EIF4H,BRCC3,SDCCAG3,PTMA,IFT57,OXCT1,KIF15,BECN1,CNOT6,PTPRA,TSPAN3,CCNG1,FASTK,GTPBP3,SSR4,ERCC2,ALDOA,GGA3,AARS2,PURA,ARFGEF1,ARL6IP2,ZC3H11A,LASS1,dJ222E13.2,TAF6,GORASP1,ZDHHC3,LOC790955,TUBGCP3,CRABP1,IMPDH1,C9orf5,SV2A,PXMP4,UBE2J2,ASPSCR1,CNOT7,DYNLRB1,DCI,NUS1,C14orf104,CROP,ATRN,RPS15,GGH,KPNA3,CCS,FXC1,SPIN4,HARBI1,MGEA5,SUCLG2,UHRF1BP1L,LCORL,UBN1,VKORC1L1,HTRA2,UFC1,USP24,SLC9A8,RNF216,PARP1,FADS2,PELP1,ANP32E,LOC645106,MTDH,RPL19,UTY,RLF,PYGL,POU3F1,SLC39A9,GOPC,PWWP2A,LOC644096,CCDC64,CIP29,GMCL1,MXI1,MAEA,SENP6,MAP3K1,MKRN1,SNRPE,SEPT2,WDR91,DTL,CCNK,UBR5,SLC7A6OS,GNB1,FRAT2,H3F3A,EIF3D,OGFOD1,RNF4,KIAA0319L,LSM14B,DAXX,MED25,RPL17,CRKL,MCM7,CLDND1,FLJ35220,SEC23A,BRAF,NUP88,HINT2,IPO9,TOP2A,SNRPF,FAM83D,PHGDH,RRBP1,NCL,MCM3,MCM5,ST3GAL3,LOC283871,CS,PROSC,MRPL18,RNF40,C20orf11,HOXA9,C15orf42,HIST1H3I,SF3B3,GLTSCR2,BXDC2,RPL34,TTC17,ATP5SL,H1F0,RPL10,ZNF518A,RPL7A,WDR33,CELSR2,MYST1,ZMYM4,NDUFS7,TALDO1,PANK4,TBC1D14,OXR1,SGSM2,TPI1,FEZ2,IER3IP1,POLE,PFKFB4,PIAS1,SAV1,MRPL11,EWSR1,PXMP2,GNB2,GNB5,KIAA1383,PCTK1,ECH1,ALDH16A1,ADSL,PCNX,ERP29,RNPEP,BRP44L,FARSB,IDH2,CDT1,ARPC2,LIMD1,RIF1,POLR2D,ADI1,HBS1L,C20orf116,METTL10,C1orf69,CDK5RAP2,EEFSEC,BRWD1,RPL18,PRMT7,CTNNAL1,SLC35A1,C10orf119,HEATR2,FBXL11,PIP4K2B,CENPO,TUFM,SAFB2,RUFY1,SNX13,MAD2L1,SYNGR1,PSCD3,PARP2,PEX3,APIP,C15orf29,ANP32B,C15orf23,PAICS,COQ5,PKD2,THOC3,POLQ,PSMA2,KRAS,CLYBL,ACADS,KPTN,FBXO3,ATPAF1,MESDC2,BIN2,TMEM116,PNPT1,MTMR10,PARP14,ATPIF1
FOSB,FOSL1,ATF3,ABL2,GPNMB,PLEKHG4,ZNF281,LAT2,NIPBL,SGK1,PTPN21,MSR1,SPINT1,PCMT1,UCN2,SERPINI1,MAML2,BCL2A1,RCAN1,NT5E,WDR26,FABP4,SLC45A3,RAPGEF1,SEPT9,EVI2B,C21orf7,IRAK1,KPNA6,SAP130,CSF1R,TNFAIP3,IRF2,TUBA8,CD109,TM7SF4,IL1B,CROCCL1,RRAGD,FAM129B,FAM83H,AXL,PSAP,KEAP1,MAPK6,YWHAZ,DNAJB2,KAL1,ALCAM,C3AR1,RGL2,MMP9,SBNO2,KIFC3,WDR45,FAM83G,N4BP3,TRAF1,KCNN4,ME1,DNAJB5,PPP1R15A,ATAD2B,LOC346887,MIRN155,NFKBIE,C18orf17,UNC84B,TLN1,CHD9,ARHGAP18,C14orf43,SLAMF7,PDLIM7,S100A11,DDI2,ACADVL,STYXL1,RAP2B,PDZD11,POLDIP3,XIRP1,MMP19,NDFIP2,NAT5,CD63,GBA,ACTN4,MAP7D1,IHPK1,USP14,METTL7B,WDR37,GUCY1A2,FDX1L,ARHGAP10,C9orf167,C1orf21,WDR13,TANK,AHR,UPP1,C11orf46,C1orf142,TPSD1,SLC1A4,GTF2A1,PLEKHO1,TM4SF19,MEA1,ANXA2,TRIB1,ERN1,UBTD1,RHBDF1,SYP,CD44,KIAA0513,NSMAF,HSPH1,IFI16,IPO4,ALS2,SASH1,C19orf61,EZH1,ECM1,SLMO2,PRKACA,TACC2,ABCB1,NAP1L1,FXYD5,AGPAT9,TGFBR2,IPPK,C3,RALB,WASF2,SPHK1,ZSWIM4,PSMD14,PCM1
SREBF1,PDGFA,C9orf19,PDIA4,TRPM7,C16orf84,BCL2L1,MAPKAPK3,APEX1,KIAA0913,RGS1,BANP,ATP6V0B,YIPF3,KLHL24,HPS1,MAP2K1IP1,ATXN2,ATP6AP1,GIT2,SLC38A7,WDR81,SLC25A46,MARCH8,STX6,SLC35A5,STAG2,RC3H2,USF2,ATL3,SDCBP,SLC11A2,SORL1,NFATC3,PDLIM2,WDR82,MGC16385,AGTRAP,GIPC1,PIP4K2C,SLC35C2,STK40,GNPDA1,SLC38A5,VPS18,UBE4B,GNS,UBE2Q1,NUAK2,VPS11,RNASEK,CTSD,MCOLN1,PNPO,RCBTB1,FLJ45248,NAGK,MFSD5,SNAP29,PEPD,P76,KIAA1737,ATP6V1H,NAGPA,BMP2K,MAP1LC3B,DHPS,TMEM126B,CCDC132,CTSA,CLCN7,C11orf59,PSEN2,LAMP1,HPS5,DPP7,FYB,FNIP2,TPP1,MCART1,GALC,ACTN1,LMTK2,HEXA,TOLLIP,CSTB,PPT1,SLC12A6,PRDX6,ZNF322A,RELN,HDAC5,FLJ11286,RAP1GDS1,UTP20,CUEDC2,CFL2
MYB,RAN,TM9SF3,ZBTB10,FLI1,CDAN1,TCTN2,ACRBP,GATAD2B,SFRS12,PRPF38B,RPS10,PPME1,HSP90AA1,ERH,TP53RK,SLTM,ARV1,STT3B,G3BP1,ANAPC11,CIRH1A,LZTS2,NKX2-4,TTLL5,CRYZL1,YWHAH,TMEM91,PDE4DIP,IRAK3,CIT,DDX26B,GPSN2,SLC25A35,CEBPG,CCT3,IRF3,FAM126B,C20orf103,BUB1B,ELA2,FAM36A,CDR2,GCLM,SLPI,CCDC21,PHF7,SFRS14,STXBP5,MAPRE1,C13orf27,SCMH1,C16orf80,HNRNPH3,tcag7.1228,ZAK,KIFC1,ZDHHC5,NUDC,SMARCA4,BANF1,NLRC3,C9orf97,PHF17,JMJD1B,PRKCB1,CAPRIN1,WDR51A,NEDD4L,FLJ38973,WAC,PTP4A1,MMD,FLJ20674,C1orf55,KBTBD11,C21orf58,PCNT,PDS5B,HIPK1,UBE2N,C14orf130,FRY,UBE2D3,RUNX2,IQWD1,F13A1,HNRNPA2B1,OSBPL9,CP110,CDC73,RASSF1,ATP11B,C9orf78,DNAJA1,KIAA1219,DIABLO,ANKHD1-EIF4EBP3,ZNF830,TTTY14,SFRS2,ACTR2,ANKHD1,EIF2C1,KIF20A,H2AFV,THOC1,CDC20,C18orf10,FLJ90757,CCNA1,ATRIP,ILF2,TMEM170,HNRPLL,MDC1,MSH6,AK2,WDR62,HMGCR,TARDBP,FANCG,BUB1,KIAA1328,CHKA,LYPLA1,ARHGAP19,WDR57,ACSL3,KIF22,C16orf63,SETD8,TACC3,SERINC5,MED1,EDC4,FAM46A,FOXJ3,LOC81691,DPY19L4,AOF2,YDJC,VDAC3,RPL38,JARID1C,FEM1C,RBMX,SUMO3,ARID1B,SIAH1,SIRT1,CUL4A,CHIC2,ZNF207,DYNC1LI2,IRF2BP1,EXOD1,C21orf59,COPG2,GFPT1,WDR54,ARHGDIB,ATXN7,RANBP9,COX7A2,C6orf182,CALCOCO2,SLBP,RTTN,ZMYM3,WDR68,TTC5,PRTN3,WIPI2,GRSF1,RRAS2,CDH2,BRD8,TRIT1,TRIM28,TCFL5,CENPT,NT5C2,RBM39,PRDX2,C1orf59,BCL2L12,MARCH7,NCAPH,SFRS1,NFYA,NUDT4,NOL14,GPBP1,RUNDC1,C5orf25,PKNOX1,CXXC1,ST13,FUSIP1,DERL1
ARNTL,FAM78A,NNT,BNIP3L,OXSR1,ARL8B,LIG3,TRIM59,EFTUD2,ERLIN1,DAZAP1,CFD,ELMO1,G6PD,CDC45L,NOLA2,HNRNPM,GNL1,TCEAL3,IER2,LOC401152,NFIX,OLIG2,L3MBTL2,SLC29A1,LDHA,SRP54,SGOL1,DTYMK,TUBB,PKN3,GPD1L,RBM15B,MYO19,ST7,NR1D2,NAT13,BTF3L4,TM9SF2,TRIM62,ANLN,ZFP3,TMEM55B,CASP2,DAZAP2,MORC2,RCHY1,C19orf47,CENPF,SEC23IP,HS3ST4,TBCEL,ENSA,MARCH4,POGK,LASS6,TADA1L,TBC1D17,PKN1,TPD52,LRRC8D,OSBPL1A,SAE1,MUS81,FLT3,FOXRED2,ECE2,JMJD2B,AFF3,SSBP2,TMED10,MLL5,PTEN,ADIPOR2,CBARA1,COMMD3,LRPPRC,H2AFZ,PATZ1,FAF1,SET,CCDC4,CUTA,SLC22A15,PLAGL1,HYMAI,STYX,UCP2,MTHFD1,TSEN34,SEPT6,DENND1A,FAM45A,ABBA-1,MYADM,TP53INP2,P2RY2,POLR3H,TRIP6,KIAA0999,CARHSP1,ARL3,PDZD7,STMN1,ARHGAP30,CEP55,ANXA6,PER2,CREBL1,GPSM2,ARL2,ECT2,ARHGEF10,ZNF367,BUB3,STRBP,PLA2G6,RPS2,C20orf27,C19orf55,DDX39,ZDHHC12,FBL,EIF3K,NUP210,SUPT16H,BAZ1A,KIAA0922,ST7OT4,SPAG6,NGFRAP1,PPFIBP2,SEPT3,PBXIP1,PHF1,EIF4B,MEX3D,PI4K2B,LACTB2,HSH2D,GNL3,REV1,EIF3B,PSIP1,MTMR1,KIAA0746,OTUD3,SLC39A4,PUS7,DHX37,CGREF1,EME1,MGC3207,ZMYM6,DIMT1L,SFXN2,FLJ34208,C20orf111,PRDX4,DYM,SLC43A1,BMI1,SLAIN1,AIG1,PRKCH,DGAT2,ATF4,USP31,TGFBI,ATP13A2,SIAH2,C19orf43,KCNK5,TEX10,PGAM1,MCM2,FOXN2,PAIP1,LTB4R2,HSPBP1,FOXM1,FAM116A,CTBP1,HSPA9
HMGA1,HMGA2,RCC2,RNF168,CDKN2C,MEPCE,ZNF521,TOM1,KLHDC3,CCNDBP1,PEBP1,RBM14,SATB2,SUV39H1,LOC283392,HMHA1,ANTXR1,ETV6,RUVBL2,SLC2A9,LOC388969,PHLPP,CAPN1,SAMD1,DGKZ,CTDSP2,RCSD1,PHF15,MARCKS,FBXO34,KLF6,FTO,CAD,SLC39A1,INPP5B,RBM5,C3orf39,ZC3H7B,YIF1B,MBNL1,PFN1,UBAC1,ATP2B4,DNAL4,ISL2,LOC727820,BIVM,SCAP,JMJD1C,RANGAP1,NMNAT3,ATAD2,LOC387763,OS9,EIF5,WDR67,SMARCE1,BLOC1S1,CEP110,LGR4,OSBPL7,MGC35361,CHD7,PARL,MED26,EIF4EBP2,METTL3,FOXP1,WDR49,CXCR4,VTI1A,VPS39,C10orf76,EBP,COG4,CXorf21,ITGAL,UBA7,RASSF3,MAST2,PRMT5,UQCRH,C17orf80,FAM102B,PAQR8,LOC494024,TYK2,LIPA,TRIM58,LRRC41,RPN2,CPNE3,ZNF295,ARL6IP5,VILL
TFCP2,HNRNPD,HNRNPU,PTBP1,LRCH3,RSPRY1,MTMR14,RHEB,ELF4,INTS6,HELZ,HMGN1,PEX7,G3BP2,CGGBP1,NUCKS1,RBM16,USP32,LRRC8C,KCTD5,BMPR2,ZHX1,WDR4,YES1,TMBIM4,DUSP9,TSC22D2,CSNK1A1,PPP2CA,ADAMTS2,RP5-1022P6.2,NDEL1,LRFN4,LSM12,DSC2,MTF1,TNKS2,LATS2,CDKN3,DTNA,DUSP6,SMARCC1,SOS1,ITPR3,GNA14,SETDB2,PGGT1B,RIOK3,MUTED,PIF1,MKL1,ZBTB11,TXNDC5,DYNLL1,NT5C3,SSR3,SNF1LK2,SFRS6,KPNA1,JARID1B,SPIN1,ZNF646,ANKRD10,UBE2Z,SLC43A2,EXOSC10,CAMK1D,NCAPG2
CEBPB,STAG1,PRNPIP,AARS,EHMT2,DMRTA2,PSAT1,SERPINF1,GYS1,SLC25A23,REEP4,PCDHB5,SYNCRIP,CEP350,CBX5,KIAA0182,POLG,GRAMD3,PSMD3,PRDM2,HNRNPH1,VLDLR,WDR6,FLJ78302,KIF2C,RAD23B,PARP8,H2AFY2,KIF23,NBR2,TREM1,RALBP1,FBN2,GGPS1,KCNQ5,MED30,PPP1R15B,SH3KBP1,MS4A7,LOC116236,TSPYL2,PYCR1,FLJ22167,LPO,PRC1,IARS,MIF4GD,UBASH3B,RSRC2,MARS,EFCAB2,TMEM154,SEPT8,HELLS,UCRC,ALDH3B1,PSEN1,C10orf114,MS4A3,ARHGEF6,KLF10,TMEM48,DIAPH2,C6orf167,C14orf106,PNRC2,UBE2Q2
JUN,JUND,CD53,INPP1,RASD2,NUMB,LIMK1,ARL4D,CDC2L6,TMEM86A,USP42,MAPKAPK5,HS3ST3A1,C14orf172,CD164,C1orf212,CCND1,SERTAD2,USP34,RIN2,RNGTT,CTNND1,SERP1,ATP9B,EFR3A,PPARG,IVNS1ABP,CEP170,ASPHD1,AFF4,LIMS1,YWHAQ,NF1,FAM82C,CUGBP2,ATP1A1,MTSS1,GEM,AHCYL1,SPRY2,PITPNA,MORF4L2,MYO1E,VASH1,SHISA5,HPS3,SYN1,CCDC53,KIAA0284,PLK3,SLC10A3,RALGDS,C5orf32,CHD4,SLC39A13,SOCS4,SF3B5,PVRL2,HEG1,ATP1B3,ELL2,SEMA4C,BCL6,MED18,GALNT11,LOC729047,DDX28,DUSP4,RUSC2,VEGFA,ARMCX3,IRGQ,SPI1,CDC42BPB,DUSP10,C14orf109,PIAS4,MAFB,NRBF2,LMO4,EGR2,TTC13,ZFAND5,CALM2,LRRC33,MALAT1,GTPBP1,LARS,TBL3,PIP4K2A,DFNB31,SIDT2,RAB11FIP4,RAB11FIP3,NAPA,HRH1,EDC3,MAF,FSCN1,CAMK1
ETS1,ELOVL1,ITGB7,DCP2,LRP10,ZYX,PLEC1,MAP2K1,UBE2L6,CD52,PSD4,SLA,MFSD7,MOBKL2A,TYROBP,MMP1,CD68,PTPRJ,KLHL6,MAFF,CYFIP1,CXorf34,TUBA1A,YIPF5,TFPI,C19orf56,RIN3,CMTM3,NCK1,AP3S2,SRC,PSMF1,FGR,ENDOGL1,IL12RB1,AP4E1,PTPRG,C17orf60,DOCK8,DOCK5,SURF4,ELP2,SLC12A4,CORO1B,PKIB,PTPRO,C10orf33,LILRA2,TNS1,KIAA1545,LYPLA3,PML,IDS,GEMIN6,HAVCR2,MLX,RXFP4,IKBKE,WDR51B,PCDHGA10,LGALS3BP,ZNF684,OGT,KCNAB2,DOK3,ZBTB7B,STIL,SLC22A18,DDX21,ATP6V0E1,ENC1,RHOG,NR1H2,ARPC1B,PHB2,S100A4,VPS45,CNDP2,MRPS7,GLA,SPSB1,SEC61A1,OAZ1,GAS2L3,COG1,UBE2H,DKFZP434B0335,GLIS3,SEC14L1,CUX1,FLJ20323,PTPN6,TRPC4AP,RAI16,EML3,VTA1,FLCN,IL16,CD37,BCL3,DPH2,PTPRC,ZRF1,DUSP3,WDR25,BAK1,BLOC1S2,MCM3AP,C3orf19,IGF2R,FBXL18,IQSEC2,HCST,PDCD11,CTNNA1
TFAP4,CRTC1,CMTM7,FAM100B,SLC11A1,C2CD2L,POFUT1,LPL,TSPAN12,TRPM4,ESRRA,GPC4,APLP2,NCLN,PAG1,STAT2,ATP10D,MAML3,FAM26B,ZNF219,LSM14A,CNKSR3,PGPEP1,SH3BGRL3,DOCK11,MVP,YIPF6,TFPT,A2M,ERGIC1,TP53INP1,MYOZ1,PTPRE,DLX3,ARHGEF9,BIRC6,HNRNPUL2,KCNQ4,SSBP3,MMP2,CNIH3,METRNL,PPP1R9B,TGFB1I1,FLJ10357,RAB5B,PC,C16orf53,MAN1C1,FLJ21438,GALNS,DUSP7,MTUS1,DNAJC14,MAN2C1,CDK8,TMEM2,RHBDD2,TMEM179B,CTCF,SLC20A2,TRPM2,PACS1,CLCN6,CCDC22,MYH9,S100A16,LRIG2,KCNH4,CHPF,LOH11CR2A,BTBD14B,HAND2,HK1,FAM65A,C20orf177,DLGAP4,POLR3C,CPNE8,GPR68,EPB49,PNKD,ATP6V1G1,SCPEP1,IFITM3,SPNS2,CLPTM1,SLC36A1,GANAB,RNF11
RREB1,MED13L,GABPB2,LOC100129721,OTX1,FLJ38717,DACH1,SPOP,ORC4L,PDCD4,NR4A2,UHRF1,DLEU2,P15RS,LOC643749,ACTL6A,BICC1,MBD4,ZKSCAN5,LOC100130557,CAT,RNF5,SF1,SEMA4A,CLPX,IFT122,KIAA1468,OSM,PSME2,C10orf91,RP6-213H19.1,MEMO1,RNF19B,ADSSL1,KPNB1,RBL1,CHST10,KCMF1,ZCCHC3,GADD45A,MICAL1,TRAP1,CLN6,LASS2,OSR2,DLAT,IGF2BP2,ODC1,GNAQ,LIN7A,RAP1B,SOCS5,AEBP2,PTGES3,GOLGB1,PRKCE,MATR3,HMGCS1,CDKN2AIP,RCOR3,UBA1,DIS3,SRGN,RMND5A,SUMO2,PPP4R2,TIMP1,TIMP3,FN3KRP,TBCC,RBM4B,BRIP1,ZFP91,PJA2,ADRB1,SETD3,TLK2,CEP57,FEN1,VEZF1,DNTTIP1,UBP1,TSR1,NUP155,SAPS3,TXNDC1,ARHGAP9,MSL2L1,BATF3,DZIP1,FBXL20,RPL5,USP9X,ZCCHC17,SLC38A1,CNOT6L,C4orf32,HIVEP2,CYB5A,ACP1,TRHDE,ZSCAN22,PYCR2,PPP1CC,PIGN,BRE,FGFR1OP,MFSD10,AOAH,SKIL,SMARCA5,AP3S1,C14orf124,UTP18,EPC1,REV3L,MTMR3,YTHDF3,HOMER3,RFX3,FAM20B,C20orf74,SIGIRR,ATP2A3,CTBP2,CHD3,DERL2,C4orf30,SQLE
KLF4,TLE3,NRG1,CTF8,MDGA1,ADCY3,PTMS,TREM2,NRP1,PLXDC2,KIAA1967,MAN2B1,LOC100129406,SLC30A7,TNRC6A,SEZ6L2,NPW,RAB22A,BHLHB3,LINS1,CDK5RAP3,RPL37A,PGR,KLHL25,C1orf144,KIAA1598,ECSIT,CHIT1,SPRYD3,MTHFSD,TIA1,CYP4V2,PDGFRA,KIAA0859,NDUFS8,ABLIM3,PERLD1,ITGB5,FAM86D,ERAL1,TNPO2,MED17,LOC643770,PDGFC,DENND2D,BBS1,PPP1R11,PAPSS1,SLC12A8,BMP1,STRN4,DEDD,APOL1,TRRAP,GLCE,PCGF1,LAMA5,FUCA1,CD97,MYT1,VIM,FYTTD1,SHC1,TMEM106A,RBM9,EEF1G,SUCLG1,ADAMTS7,WEE1,CTTNBP2NL,NUAK1,CORO7,PCDH11X,ABCG1,KANK4,BAG4,UBR2,RPL39,DBX2,FAM40A,APOC1,C1orf26,DNAJC3,WDFY3,INA,ECHDC1,SLC9A1,MAP3K7IP2,NCOA2,ITGAM,C2,CHST2,SLC7A7,ARRB2,CD14,MAP3K7,ACSL5,PER1,CYP27A1,SPG21,KTN1,NUP62,CD300LB,TOR1AIP1,LTBP1,WDR78,CALU,ANPEP,GALNT4,COL4A2,SEMA4B,SLC35B4,ITGA9,C10orf26,ABCD1
GFI1,DAB2,CORO1C,GCLC,GMFG,FTL,IFI6,OAS1,GPR108,BMPR1A,FAM46C,ARHGEF2,SFXN3,CECR5,TSPYL5,SIL1,NQO1,YIF1A,C11orf45,HMX3,XRCC1,PGD,MSN,TTLL4,FAM102A,ZMYND8,TSPAN15,TRIM26,HAGH,HLA-E,FMNL3,FAM20C,YIPF2,PSKH1,BCL7B,LAPTM4A,TMEM129,IRF1,C6orf66,CYP27B1,PTF1A,P2RY5,WWP1,DPF3,HSPA5,TMEM34,TNFAIP8,PI4K2A,KIAA0754,ASNA1,WDR46,TEF,TRIM24,VGF,DNAJB11,ELAC2,TDO2,TOR3A,POLRMT,RNF149,ZCCHC14,TMEM16A,STIP1,ITPR2,NPC2,SLC25A25,AADACL1,ARRB1,LOC51057,SLC31A1,TFE3,DNASE2,C7orf23,FYN,RPS6KL1,HIGD1A,HTR7P,ACTR1B,UCKL1,ZNF362,PRNP,LOC440957,RPS6KA2,DAPK1,KIAA1274,MEN1
POU2F2,PCBP1,TLE4,OAF,AKT2,HDAC9,CSF1,CYBB,ACPP,FASN,SLC7A8,NOTCH2,SH3GL2,PIM1,REXO1,FA2H,RAB4B,PRDX5,ZNF524,MLXIPL,LYN,ADAMTS8,ALOX5AP,PCSK5,FERMT2,RARG,KCNQ3,MID1IP1,CADM1,FOXP4,OAZ2,GPR133,SYT7,GPR65,LIX1L,RFTN1,PDE1B,PRKACB,LRRC52,GNA12,FKBP15,C19orf6,OTUD1,ADAM10,LPPR2,ATP6V1C2,LHFPL2,CD22,CSRP1,PLOD3,CNNM4,SLC39A10,LIPG,SLC1A3,DHX16,CHM,H2AFJ
NFATC1,KIAA1949,DHRS3,HMOX1,AXUD1,ZW10,CASZ1,LIF,IER3,TNFSF14,MAP3K11,UNC5B,CAMK2D,LOC339524,CHST11,HEXB,CARD6,TRIM23,RNF130,FLJ11151,MRPL45,C1orf149,LACTB,EFNA2,NCAPD2,SLC29A3,CCDC58,HECTD2,C5orf13,SH2B3,SOX4,FLJ20464,CDK5,CD36,SDF4,CXCL16,PPARD,ANKRD28,ZMYM2,CDH23,TCEB1,PCDH7,LPXN,FZD7,DDA1,FUNDC2,ZFP36L1,FCGR3A,ZNF385A,EIF2S3,DC2,GMFB,TRIP11,TARS,GSN,VASP,NCOA7,KANK1,NINJ1,RPL15,RND3,ITPR1,UGDH,PHACTR2,KIAA1467,GAS7,PAK2,ELK3,SFMBT1,CALCOCO1,ACTR1A,SPP1,GRN,UTP6,PLP2,ITGA3,PCSK7
BHLHB2,TPM2,ILF3,UCHL3,ARHGAP12,KIAA0133,VPS8,HCFC2,TRMT1,NDUFA7,C1orf164,NME1-NME2,PDPR,PAFAH1B3,MYBBP1A,SNRP70,NOL1,BCL7C,MFSD1,CDK4,C7orf25,NME1,SMPDL3A,ATPAF2,BYSL,PPP1R3D,MPV17L,FLVCR2,VAPA,PTP4A2,SLC39A11,MAPK12,SLC38A2,ARPC5,C3orf60,REPIN1,DALRD3,ATG3,GTF3A,ATP5A1,AATF,LRRC58,USP48,PTDSS1,ZNF318,AKAP1,NEURL2,LAP3,ZFP36L2,MAFG,CEBPA,SRM,GALT,TTC3,CPNE7,POLR3A,EXOSC5,EEF2K,GTF3C2,C20orf59,AMPD2,WDR77,SLC12A9,MGRN1,LAPTM4B,ZNF706,CENTB2,QTRTD1,TRIM27
ZHX2,MYST2,TUBB2C,C11orf49,UBB,HAL,MYC,TXNDC12,NOSIP,YARS,TNPO1,JMJD1A,THSD7A,DYRK1A,ADAR,ZNF789,LOC729082,FRYL,DNAJB1,TRIP12,RNF169,POGZ,GRB2,EIF4G1,CDK6,FOXN3,MYO15B,KIAA0152,ATF7IP,BAZ1B,MCM6,USP47,PTCD3,NUP43,PMF1,PKMYT1,UBE2E1,TOP3B,CDCA3,PTCH1,CRISPLD1,P2RX1,TMEM62,ANKRD27,FCGRT,MRPL48,LOC100137047-PLA2G4B,DHRS9,RPL35A,CHAF1B,CCDC69
RUNX1,ZC3H12D,CCDC107,EMP1,IQGAP2,GDI1,TEX261,C12orf5,BRI3,PRR16,C12orf30,LAMP2,PCDHGC3,HSPA4,NDUFA2,FBXO38,TLR1,RABEP1,PCSK6,SLAMF8,BAIAP2,VPS54,SEP15,TFEB,DSE,JAG1,CDKN1A,SRFBP1,PDSS2,SDCCAG1,IL7R,AUP1,LSM10,SLC31A2,RAB1A,PSCDBP,C5AR1,MMP14,COQ4,HBEGF,ZNF146,tcag7.1177,CHI3L1,ITGA6,C13orf15
POU6F1,CD84,MAN1A1,CHODL,ETV5,RHOBTB3,VPS13D,PHF8,SUCNR1,SLC30A1,SDC2,RTN4,PALLD,APOOL,DDX5,PLEKHA2,GALM,GDF15,TNFRSF21,PCDHGA11,IFRD2,BCL11B,PTGS1,PNPLA6,GSK3A,POLR3D,ZCCHC7,CTDSPL2,TSC22D1,VAT1,C14orf119,TMEM192
EGR3,EGR1,USO1,PIM3,MRTO4,PFDN2,HYOU1,KIAA1033,DNAJC7,TBC1D2,ATP6V1C1,MGLL,SLC23A2,ZNF804A,RAP1A,NECAB2,EP300,NEK6,USP4,ATP9A,ADAMTS15,CLK4,IL27RA,GLT25D1,FBXW11,PLXNA3,PTK2,KIAA0562,API5,MIER3,TESK1,PCDH11Y,ETHE1,PJA1,SMYD5,IFNGR1,RNH1,DOLK,NUP188,C16orf72,YY1AP1,DNAJA2,FAM84B,ST3GAL5,M6PRBP1,SH3PXD2A,CENTG3,PHLDB1,B4GALT3,PABPC4,TGIF1,SFMBT2,WASF1,CLIP4,DPYD,CPEB3,FUT8,RGS16,PLAUR,C22orf25,GIT1,RPS6KA1,PIK3CA
NFKB1,REL,RARA,NLK,RASA4,GLRX3,CCDC57,C1orf106,HR,PSMD11,GBA2,ZNF622,ZBTB25,GRIPAP1,CD83,MED14,DCBLD2,NFKBID,DUSP5,NFKBIA,BNIP1,OCC-1,TRAF3,HERC3,SEC14L2,PIP5K1A,NOS1AP,EIF3A,GPR56,IFNGR2,UACA,TCF25,UBOX5,IL4R,IGSF1,KIAA0368,STARD8,GRM7,BTG1,LOC91461,CPEB2,ARHGAP1,ARHGAP21,MAPKAP1,C14orf118,PRKRIR,CHST3,CDGAP,LOC26010,FASTKD5,PINK1,RELB,CD40,PPP2R2A,HOMER1,NPTX1,METTL2B,PHLDA1,ITGA5,GOLIM4
FOXO1,FOXO4,RASGRP3,OTUD4,LASP1,TBC1D4,GLUD2,CNNM3,LBH,CABC1,DIRC2,RAP2A,GRK6,ABHD4,TBC1D13,DDX49,LDB1,CBR3,HECA,DUSP1,MBTPS1,RPP25,TMBIM1,C17orf56,RNF20,ZER1,ZFAND6,TPRG1L,SIX5,SH3BP5L,SCRN3,RNF135,PNRC1,CUL7,PRIMA1,DPYSL2,SH3BP1,HDGF,TRIM11,ANAPC2,XPO7,EVL,PARP10,SIRPA,IRX3,PIK3CD
ARID5B,CC2D1A,GLUL,CENTG2,C14orf4,UBXD2,TCTA,FAM113B,TMEM206,BACE1,SSNA1,ASB13,CXXC4,ZNF692,ALS2CR13,KLF11,HCFC1,NFIC,PPP1R7,RP11-336K24.9,WDR40A,CES2,SLC2A5,WBP2,VKORC1,REPS2,OVCA2,WIBG,TIMP2,ST6GALNAC6,RABAC1,TCEA2,ZNF703,ATP6V0C
ZIC2,C6orf166,KIAA1539,NRGN,SGMS1,MFI2,SIN3B,ZNF397OS,DDEF2,C14orf100,SLC9A7,GATA2,GABARAP,PHCA,UST,PCTK2,POLR1D,COL27A1,IER5L,PTPN12,TMEM164,ATE1,ADAM9,ZFAND3,SDHC,EVI5L,ZBTB39,TSP50,YRDC,SASH3,CBLB
SRF,SERPINE1,FHL2,MYL9,ZNF548,EGR4,TMEM123
TCF4,FAM130A1,TCF12,UBXD7,SPRED2,PIK3C3
